vmh	column	canonical_value	external_value	mnx	source
12ppd_R	chebi	chebi:16997	chebi:28972	MNXM1364596	ChEBI
12ppd_R	kegg	kegg:C00583	kegg:C02912	MNXM1364596	KEGG
13_cis_retn	kegg	kegg:D00348	kegg:C07058	MNXM58377	KEGG
1p3h5c	chebi	chebi:6151	chebi:37005	MNXM31144	ChEBI
2dr5p	chebi	chebi:16132	chebi:55513;chebi:62877	MNXM732594	ChEBI
2hb	chebi	chebi:1148	chebi:50613;chebi:73709	MNXM1363881	ChEBI
2mcit	chebi	chebi:30835	chebi:50948;chebi:58853	MNXM1108544	ChEBI
3hibutcoa	chebi	chebi:15481	chebi:28259;chebi:62611	MNXM1364136	ChEBI
3hibutcoa	kegg	kegg:C04047	kegg:C06000	MNXM1364136	KEGG
3mlda	chebi	chebi:8122	chebi:132918;chebi:1606	MNXM91418	ChEBI
3mop	chebi	chebi:35932	chebi:15614;chebi:35146	MNXM1363845	ChEBI
3mop	kegg	kegg:C03465	kegg:C00671	MNXM1363845	KEGG
3moxtyr	chebi	chebi:742324	chebi:1582;chebi:192089	MNXM3848	ChEBI
3ohodcoa	chebi	chebi:50571	chebi:15541;chebi:57394	MNXM1104352	ChEBI
3ohodcoa	hmdb	hmdb:HMDB0006498	hmdb:HMDB0001114	MNXM1104352	HMDB
3ohodcoa	kegg	kegg:C16216	kegg:C00412	MNXM1104352	KEGG
5fthf	chebi	chebi:209153	chebi:15640;chebi:57457;chebi:63606;chebi:65340	MNXM1091982	ChEBI
5htrp	chebi	chebi:28171	chebi:17780;chebi:58266	MNXM730546	ChEBI
5htrp	kegg	kegg:C01017	kegg:C00643	MNXM730546	KEGG
6hoxmelatn	chebi	chebi:308079	chebi:2198	MNXM730977	ChEBI
C02470	chebi	chebi:217069	chebi:10072;chebi:71201	MNXM5989	ChEBI
C02712	chebi	chebi:165927	chebi:132957;chebi:132958;chebi:21557;chebi:71670	MNXM731431	ChEBI
C04805	chebi	chebi:28209	chebi:165284	MNXM488526	ChEBI
C05279	hmdb	hmdb:HMDB0011123	hmdb:HMDB0062630	MNXM1104257	HMDB
C07297	chebi	chebi:28542	chebi:15371;chebi:57291	MNXM726584	ChEBI
C09642	chebi	chebi:123715	chebi:113	MNXM9366	ChEBI
C09642	hmdb	hmdb:HMDB0005199	hmdb:HMDB0042012	MNXM9366	HMDB
CE0074	chebi	chebi:730073	chebi:76451	MNXM15828	ChEBI
CE2172	chebi	chebi:110006	chebi:173739;chebi:194093	MNXM64956	ChEBI
CE4970	chebi	chebi:240943	chebi:86366	MNXM35282	ChEBI
CE5072	chebi	chebi:805752	chebi:34461	MNXM730973	ChEBI
CE5126	chebi	chebi:20067	chebi:77275;chebi:77550	MNXM734781	ChEBI
CE6205	chebi	chebi:114833	chebi:89851	MNXM14897	ChEBI
HC00617	chebi	chebi:18097	chebi:166902;chebi:18357;chebi:33569;chebi:72587	MNXM31869	ChEBI
HC00617	kegg	kegg:C00996	kegg:C00547	MNXM31869	KEGG
HC02023	chebi	chebi:46898	chebi:46902	MNXM1369623	ChEBI
HC02160	chebi	chebi:51013	chebi:177482	MNXM1371871	ChEBI
HC02187	chebi	chebi:28774	chebi:11684;chebi:57261	MNXM1102093	ChEBI
HC02203	chebi	chebi:27820	chebi:184988	MNXM38302	ChEBI
L2aadp	chebi	chebi:37024	chebi:17082;chebi:37023;chebi:58672	MNXM1368894	ChEBI
L2aadp6sa	chebi	chebi:17027	chebi:17917;chebi:58321	MNXM1364547	ChEBI
L2aadp6sa	kegg	kegg:C01475	kegg:C04076	MNXM1364547	KEGG
Lcyst	chebi	chebi:21260	chebi:17285;chebi:58090	MNXM713	ChEBI
Lcyst	hmdb	hmdb:HMDB0002757	hmdb:HMDB0303991	MNXM713	HMDB
M00341	chebi	chebi:1038735	chebi:80549	MNXM729337	ChEBI
M00606	chebi	chebi:1301	chebi:67237	MNXM90173	ChEBI
M02186	kegg	kegg:G00078	kegg:C15517	MNXM1108052	KEGG
M02457	chebi	chebi:1306412	chebi:72865;chebi:78043	MNXM735122	ChEBI
M02490	kegg	kegg:G04561	kegg:C05924	MNXM1365590	KEGG
M02491	kegg	kegg:G00098	kegg:C05924	MNXM1365590	KEGG
M03131	kegg	kegg:G00100	kegg:C00603	MNXM733673	KEGG
T4hcinnm	chebi	chebi:32373	chebi:12876;chebi:32374	MNXM1370019	ChEBI
Tn_antigen	kegg	kegg:G00023	kegg:C04387	MNXM7559	KEGG
acgal	chebi	chebi:28800	chebi:28037	MNXM1105933	ChEBI
acgal	kegg	kegg:C01074	kegg:C01132	MNXM1105933	KEGG
acgalfucgalacgalfuc12gal14acglcgalgluside_hs	kegg	kegg:G00059	kegg:C18060	MNXM1105799	KEGG
acgalfucgalacgalfucgalacglcgal14acglcgalgluside_hs	kegg	kegg:G00075	kegg:C18060	MNXM1105799	KEGG
acgalfucgalacglcgalgluside_hs	kegg	kegg:G00042	kegg:C18060	MNXM1105799	KEGG
acglc13galacglcgal14acglcgalgluside_hs	kegg	kegg:G00068	kegg:C00357	MNXM1364174	KEGG
acglu	chebi	chebi:12575	chebi:17533;chebi:21549;chebi:44337	MNXM1370620	ChEBI
acgpail_hs	chebi	chebi:12194	chebi:184369	MNXM741480	ChEBI
acmana	chebi	chebi:17122	chebi:63153	MNXM1105881	ChEBI
acmanap	chebi	chebi:28273	chebi:232428;chebi:62168	MNXM1105998	ChEBI
amuco	chebi	chebi:16886	chebi:189697;chebi:57937;chebi:77859	MNXM1370999	ChEBI
appnn	chebi	chebi:36740	chebi:28261	MNXM1364658	ChEBI
appnn	kegg	kegg:C09880	kegg:C06306	MNXM1364658	KEGG
aprgstrn	chebi	chebi:36729	chebi:28453	MNXM1368190	ChEBI
ascb_L	chebi	chebi:17208	chebi:29073;chebi:38290	MNXM727871	ChEBI
asp_D	hmdb	hmdb:HMDB0000648	hmdb:HMDB0006483	MNXM1364496	HMDB
cgly	seed	cpd15603	cpd01017	MNXM683	ModelSEED
chsterol	chebi	chebi:1307929	chebi:140435;chebi:16113;chebi:172955	MNXM726122	ChEBI
cl	chebi	chebi:29311	chebi:17883;chebi:17996	MNXM735978	ChEBI
clpnd	hmdb	hmdb:HMDB0006528	hmdb:HMDB0304261	MNXM1555884	HMDB
coa	chebi	chebi:1146900	chebi:15346;chebi:57287	MNXM727276	ChEBI
crn	hmdb	hmdb:HMDB0000062	hmdb:HMDB0062634	MNXM1105736	HMDB
crn	seed	cpd00266	cpd10719	MNXM1105736	ModelSEED
crtstrn	chebi	chebi:101161	chebi:16827	MNXM730568	ChEBI
dedoldp_L	kegg	kegg:C05859	kegg:C17435	MNXM7283	KEGG
dhcholoylcoa	chebi	chebi:27393	chebi:87700;chebi:88064	MNXM1104117	ChEBI
dhdascb	kegg	kegg:C00425	kegg:C05422	MNXM1108062	KEGG
dhea	chebi	chebi:220467	chebi:28689	MNXM731293	ChEBI
dmantipyrine	chebi	chebi:31530	chebi:190738	MNXM1364663	ChEBI
ebastine	chebi	chebi:211060	chebi:31528	MNXM51766	ChEBI
eidi1114ac	chebi	chebi:603631	chebi:194379	MNXM1364272	ChEBI
elaid	kegg	kegg:C00712	kegg:C01712	MNXM1364394	KEGG
fdp	chebi	chebi:16905	chebi:28013;chebi:32966;chebi:37736;chebi:49299	MNXM1364229	ChEBI
fru	seed	cpd00082	cpd30321	MNXM1364098	ModelSEED
fuc132galacglcgal14acglcgalgluside_hs	kegg	kegg:G00089	kegg:C02336	MNXM1364098	KEGG
fuc13galacglcgal14acglcgalgluside_hs	kegg	kegg:G00076	kegg:C02336	MNXM1364098	KEGG
fucacgalfucgalacglcgalgluside_hs	kegg	kegg:G00043	kegg:C01019;kegg:C20835	MNXM1364298	KEGG
fucacngal14acglcgalgluside_hs	kegg	kegg:G00063	kegg:C01019;kegg:C20835	MNXM1364298	KEGG
fucgalacgalfuc12gal14acglcgalgluside_hs	kegg	kegg:G00058	kegg:C01019;kegg:C20835	MNXM1364298	KEGG
fucgalacglcgal14acglcgalgluside_hs	kegg	kegg:G00071	kegg:C01019;kegg:C20835	MNXM1364298	KEGG
ga2_hs	chebi	chebi:27731	chebi:192101	MNXM1371861	ChEBI
gal	seed	cpd00108	cpd00724	MNXM1364486	ModelSEED
galacglc13galacglcgal14acglcgalgluside_hs	kegg	kegg:G00069	kegg:C00446;kegg:C03384	MNXM1364213	KEGG
galacglcgal14acglcgalgluside_hs	kegg	kegg:G00067	kegg:C00446;kegg:C03384	MNXM1364213	KEGG
galam	chebi	chebi:18232	chebi:144817;chebi:60312	MNXM1105683	ChEBI
galam	kegg	kegg:C06377	kegg:C02262	MNXM1105683	KEGG
gam	chebi	chebi:5417	chebi:140810;chebi:28393;chebi:47977;chebi:58723	MNXM1105684	ChEBI
glc_D	hmdb	hmdb:HMDB0000122	hmdb:HMDB0304632	MNXM1364061	HMDB
glcur	chebi	chebi:42717	chebi:47952;chebi:58720	MNXM1105765	ChEBI
glyald	chebi	chebi:5445	chebi:17378	MNXM435	ChEBI
glyald	kegg	kegg:C02154	kegg:C00577	MNXM435	KEGG
glyc	chebi	chebi:17522	chebi:17754	MNXM89612	ChEBI
glyleu	chebi	chebi:185298	chebi:143163;chebi:73514	MNXM126241	ChEBI
glypro	chebi	chebi:356660	chebi:70744;chebi:73779	MNXM727167	ChEBI
glypro	seed	cpd11588	cpd22832	MNXM727167	ModelSEED
gm2_hs	chebi	chebi:51013	chebi:177482	MNXM1371871	ChEBI
hLkynr	hmdb	hmdb:HMDB0001152	hmdb:HMDB0000732;hmdb:HMDB0011631	MNXM728564	HMDB
idour	chebi	chebi:47903	chebi:21338;chebi:28481	MNXM727431	ChEBI
k	chebi	chebi:26216	chebi:176608;chebi:29103	MNXM95	ChEBI
lald_L	chebi	chebi:18419	chebi:18041	MNXM732880	ChEBI
lald_L	kegg	kegg:C05999	kegg:C00424	MNXM732880	KEGG
limnen	hmdb	hmdb:HMDB0003375	hmdb:HMDB0004321	MNXM1372148	HMDB
lnlccoa	chebi	chebi:15530	chebi:234144	MNXM1413207	ChEBI
lxser	kegg	kegg:G00155	kegg:C07074	MNXM60387	KEGG
man6p	chebi	chebi:17369	chebi:234465;chebi:49728	MNXM1103551	ChEBI
man6p	seed	cpd00235	cpd32192	MNXM1103551	ModelSEED
mepi	chebi	chebi:144365	chebi:189646;chebi:6270	MNXM734904	ChEBI
mepi	hmdb	hmdb:HMDB0004063	hmdb:HMDB0062493	MNXM734904	HMDB
n2m2nmasn	kegg	kegg:G00019	kegg:C04537	MNXM738982	KEGG
normete_L	chebi	chebi:144308	chebi:189645;chebi:6277	MNXM734923	ChEBI
nwharg	chebi	chebi:7101	chebi:43088;chebi:47819;chebi:47821;chebi:47822;chebi:60107;chebi:60111	MNXM1371096	ChEBI
od2coa	hmdb	hmdb:HMDB0006529	hmdb:HMDB0062633	MNXM1104783	HMDB
omeprazole	chebi	chebi:7772	chebi:77260;chebi:91766	MNXM729415	ChEBI
paf_hs	chebi	chebi:36707	chebi:177262	MNXM1370805	ChEBI
pcholhep_hs	chebi	chebi:580913	chebi:74340	MNXM60745	ChEBI
pcholmyr_hs	hmdb	hmdb:HMDB0010385	hmdb:HMDB0010379	MNXM60741	HMDB
perillyl	chebi	chebi:15420	chebi:10782	MNXM731537	ChEBI
phyQ	chebi	chebi:583972	chebi:18067	MNXM1364296	ChEBI
pnto_R	chebi	chebi:7916	chebi:29032;chebi:46905	MNXM1371612	ChEBI
prgnlones	hmdb	hmdb:HMDB0000774	hmdb:HMDB0060382	MNXM732771	HMDB
pristcoa	chebi	chebi:64039	chebi:51341;chebi:77250	MNXM1363884	ChEBI
prostgd2	chebi	chebi:15555	chebi:156156	MNXM1119322	ChEBI
ptth	chebi	chebi:15525	chebi:16753	MNXM727034	ChEBI
ptth	kegg	kegg:C00154	kegg:C00831	MNXM727034	KEGG
q10	chebi	chebi:16389	chebi:46245	MNXM1364539	ChEBI
q10h2	chebi	chebi:17976	chebi:64183	MNXM1108515	ChEBI
rbl_D	kegg	kegg:C00309	kegg:C05052	MNXM1371690	KEGG
rib_D	chebi	chebi:16988	chebi:47013	MNXM1108051	ChEBI
s2l2fn2m2masn	kegg	kegg:G00018	kegg:C00199	MNXM145	KEGG
tdechola	hmdb	hmdb:HMDB0004011	hmdb:HMDB0000896	MNXM9132	HMDB
tethex3	hmdb	hmdb:HMDB0013025	hmdb:HMDB0002007	MNXM739437	HMDB
thbpt	chebi	chebi:15372	chebi:59560	MNXM1364259	ChEBI
thcholstoic	hmdb	hmdb:HMDB0003873	hmdb:HMDB0000601	MNXM730275	HMDB
vacc	chebi	chebi:50464	chebi:28727;chebi:30828	MNXM1372018	ChEBI
vitd3	chebi	chebi:283119	chebi:28940	MNXM1364326	ChEBI
xol27oh	chebi	chebi:387060	chebi:76591	MNXM1363872	ChEBI
xoldiolone	kegg	kegg:C05457	kegg:C17339	MNXM741570	KEGG
xyl_D	seed	cpd00154	cpd26831	MNXM734573	ModelSEED
xylt	chebi	chebi:1305691	chebi:17151	MNXM737068	ChEBI
zn2	hmdb	hmdb:HMDB0001303	hmdb:HMDB0015532	MNXM729215	HMDB
